5.175863625481724739e-04,-9.138840250670909882e-03,7.707834839820861816e-01,-4.114378988742828369e-02,-2.497343346476554871e-02,9.769033789634704590e-01,2.081905007362365723e-01,-5.124130249023437500e-01,1.524468958377838135e-01,5.132979899644851685e-02,7.634171843528747559e-01,-3.603430986404418945e-01,-5.961750075221061707e-02,-1.763458847999572754e-01,1.155250892043113708e-01,2.428628318011760712e-02,3.464414477348327637e-01,-2.819382250308990479e-01,7.523935288190841675e-02,2.789810001850128174e-01,-1.171221211552619934e-01,1.356425285339355469e-01,-6.750964522361755371e-01,-3.589371740818023682e-01,-1.675848066806793213e-01,-2.800717353820800781e-01,-1.522115021944046021e-01,8.190369606018066406e-01,-4.372827708721160889e-01,1.772870123386383057e-01,0.000000000000000000e+00
-4.356478806585073471e-03,-1.101641263812780380e-02,7.716803550720214844e-01,-6.458911299705505371e-02,-1.118612103164196014e-02,9.810071587562561035e-01,1.825596839189529419e-01,-5.884951949119567871e-01,8.532774448394775391e-02,-3.285537287592887878e-02,6.824420094490051270e-01,-3.241709768772125244e-01,-6.007170304656028748e-02,-2.524340152740478516e-01,8.325097709894180298e-02,-5.695248953998088837e-03,3.983973264694213867e-01,-3.134774863719940186e-01,7.748788595199584961e-02,2.323476672172546387e-01,-1.112246066331863403e-01,2.045800387859344482e-01,-7.202820777893066406e-01,-4.768910706043243408e-01,-8.313696831464767456e-02,-2.723066210746765137e-01,-2.539701163768768311e-01,8.264497518539428711e-01,-5.354869961738586426e-01,1.038100495934486389e-01,0.000000000000000000e+00
-1.003349199891090393e-02,-1.399715896695852280e-02,7.707355022430419922e-01,-6.739192456007003784e-02,-7.197601255029439926e-03,9.812825322151184082e-01,1.802529245615005493e-01,-5.914914608001708984e-01,7.178881019353866577e-02,-4.103208333253860474e-02,6.489424109458923340e-01,-3.140252530574798584e-01,-6.363476067781448364e-02,-2.617036104202270508e-01,6.790062785148620605e-02,-4.617267288267612457e-03,4.125159084796905518e-01,-3.327511250972747803e-01,7.654125988483428955e-02,2.240856885910034180e-01,-1.151804849505424500e-01,2.015472799539566040e-01,-7.256259322166442871e-01,-4.924966394901275635e-01,-7.118520140647888184e-02,-2.649787664413452148e-01,-2.695161104202270508e-01,8.185669779777526855e-01,-5.560141205787658691e-01,9.736379235982894897e-02,0.000000000000000000e+00
-1.732857711613178253e-02,-1.630174927413463593e-02,7.709388732910156250e-01,-6.784132868051528931e-02,-3.227954963222146034e-03,9.816439151763916016e-01,1.782198846340179443e-01,-5.797523856163024902e-01,5.818942561745643616e-02,-4.769089818000793457e-02,5.893946886062622070e-01,-3.025696575641632080e-01,-6.616228073835372925e-02,-2.535445690155029297e-01,5.191423743963241577e-02,-2.835538471117615700e-03,4.084232747554779053e-01,-3.438967466354370117e-01,7.338107377290725708e-02,2.149761319160461426e-01,-1.189975813031196594e-01,1.954458355903625488e-01,-7.356682419776916504e-01,-4.972732067108154297e-01,-6.144282221794128418e-02,-2.580314278602600098e-01,-2.789795994758605957e-01,8.137524127960205078e-01,-5.582291483879089355e-01,9.289640933275222778e-02,0.000000000000000000e+00
-2.619243413209915161e-02,-1.773367635905742645e-02,7.702014446258544922e-01,-6.734816730022430420e-02,-7.170566241256892681e-04,9.819027185440063477e-01,1.770049929618835449e-01,-5.618809461593627930e-01,4.796227067708969116e-02,-4.793551936745643616e-02,5.483813881874084473e-01,-2.992244660854339600e-01,-6.518450379371643066e-02,-2.425713986158370972e-01,3.927482292056083679e-02,7.073044798744376749e-06,4.095538854598999023e-01,-3.595046997070312500e-01,7.020115852355957031e-02,2.071830928325653076e-01,-1.236700192093849182e-01,1.861444115638732910e-01,-7.422031164169311523e-01,-4.980612695217132568e-01,-5.652729049324989319e-02,-2.507766783237457275e-01,-2.832876741886138916e-01,8.096941709518432617e-01,-5.532451272010803223e-01,8.993673324584960938e-02,0.000000000000000000e+00
-3.443301096558570862e-02,-1.894033141434192657e-02,7.680711746215820312e-01,-6.500466167926788330e-02,4.663049185182899237e-04,9.821078777313232422e-01,1.767435222864151001e-01,-5.470672249794006348e-01,3.851577267050743103e-02,-4.671594500541687012e-02,5.391902923583984375e-01,-2.993187308311462402e-01,-6.037355214357376099e-02,-2.372012436389923096e-01,3.004101291298866272e-02,7.750806398689746857e-03,4.282600283622741699e-01,-3.824470043182373047e-01,6.558424234390258789e-02,1.997261345386505127e-01,-1.242081820964813232e-01,1.803217977285385132e-01,-7.448535561561584473e-01,-4.995026290416717529e-01,-5.841023102402687073e-02,-2.401912510395050049e-01,-2.858235538005828857e-01,8.062363266944885254e-01,-5.498364567756652832e-01,9.684387594461441040e-02,0.000000000000000000e+00
-4.351380467414855957e-02,-2.117559686303138733e-02,7.662269473075866699e-01,-6.153596937656402588e-02,-1.861564378486946225e-04,9.817379713058471680e-01,1.800107657909393311e-01,-5.249512791633605957e-01,2.739571593701839447e-02,-5.037033930420875549e-02,5.341874957084655762e-01,-2.942485213279724121e-01,-5.344510078430175781e-02,-2.252932488918304443e-01,2.383764274418354034e-02,2.127665467560291290e-02,4.402739107608795166e-01,-3.981489837169647217e-01,6.264135241508483887e-02,1.968268007040023804e-01,-1.265596300363540649e-01,1.726876497268676758e-01,-7.464177012443542480e-01,-4.955738782882690430e-01,-5.539594590663909912e-02,-2.249963879585266113e-01,-2.873003780841827393e-01,8.007540702819824219e-01,-5.353979468345642090e-01,9.946488589048385620e-02,0.000000000000000000e+00
-5.692460760474205017e-02,-2.221493609249591827e-02,7.641912698745727539e-01,-5.925975739955902100e-02,-3.579118347261101007e-04,9.813424348831176758e-01,1.829076409339904785e-01,-4.992115497589111328e-01,1.873665116727352142e-02,-4.594107717275619507e-02,5.439507365226745605e-01,-2.883459031581878662e-01,-4.413511604070663452e-02,-2.095372527837753296e-01,1.620053686201572418e-02,3.369707986712455750e-02,4.533685147762298584e-01,-4.119684696197509766e-01,6.489144265651702881e-02,1.946762353181838989e-01,-1.319072395563125610e-01,1.690152734518051147e-01,-7.383297085762023926e-01,-4.943971633911132812e-01,-5.660592392086982727e-02,-1.994724422693252563e-01,-2.930402755737304688e-01,7.814383506774902344e-01,-5.252307653427124023e-01,1.069086417555809021e-01,0.000000000000000000e+00
-6.755661964416503906e-02,-2.522459067404270172e-02,7.626659274101257324e-01,-5.635922029614448547e-02,7.298843120224773884e-04,9.812483191490173340e-01,1.843227297067642212e-01,-4.801039695739746094e-01,8.836961351335048676e-03,-3.712232410907745361e-02,5.507569909095764160e-01,-3.046611547470092773e-01,-3.005977161228656769e-02,-2.015689462423324585e-01,2.579394960775971413e-03,3.724227473139762878e-02,4.740797579288482666e-01,-4.211710095405578613e-01,6.992509216070175171e-02,1.877316832542419434e-01,-1.339128017425537109e-01,1.596843153238296509e-01,-7.383071184158325195e-01,-4.902605116367340088e-01,-5.598354339599609375e-02,-1.733711212873458862e-01,-3.008627295494079590e-01,7.711037993431091309e-01,-5.179623961448669434e-01,1.063541024923324585e-01,0.000000000000000000e+00
-7.623805105686187744e-02,-2.746495790779590607e-02,7.613638639450073242e-01,-5.255677551031112671e-02,3.578296629711985588e-03,9.815688133239746094e-01,1.837051957845687866e-01,-4.601317644119262695e-01,-4.731527995318174362e-03,-3.114271722733974457e-02,5.516478419303894043e-01,-3.194184303283691406e-01,-1.809741929173469543e-02,-1.969326436519622803e-01,-1.345045398920774460e-02,3.923926129937171936e-02,5.000163316726684570e-01,-4.303378760814666748e-01,7.429146766662597656e-02,1.811214536428451538e-01,-1.357485502958297729e-01,1.514814496040344238e-01,-7.340512871742248535e-01,-4.906645715236663818e-01,-5.624917522072792053e-02,-1.461549550294876099e-01,-3.133204579353332520e-01,7.510769367218017578e-01,-5.135015249252319336e-01,1.053743883967399597e-01,0.000000000000000000e+00
-8.706139773130416870e-02,-3.305794298648834229e-02,7.602887749671936035e-01,-4.879843071103096008e-02,5.523996427655220032e-03,9.817227721214294434e-01,1.838710755109786987e-01,-4.350886642932891846e-01,-2.116405032575130463e-02,-2.009480074048042297e-02,5.470412373542785645e-01,-3.356290459632873535e-01,-4.002986475825309753e-03,-1.954493820667266846e-01,-3.279076889157295227e-02,4.569951444864273071e-02,5.328230261802673340e-01,-4.286524951457977295e-01,8.324345946311950684e-02,1.674268245697021484e-01,-1.379568278789520264e-01,1.413033008575439453e-01,-7.307352423667907715e-01,-4.843580424785614014e-01,-5.766832083463668823e-02,-1.137631684541702271e-01,-3.316564559936523438e-01,7.332490682601928711e-01,-5.046838521957397461e-01,1.061778888106346130e-01,0.000000000000000000e+00
-9.695706516504287720e-02,-3.793333470821380615e-02,7.591785192489624023e-01,-4.527980461716651917e-02,9.410454891622066498e-03,9.821587204933166504e-01,1.822783350944519043e-01,-4.102018773555755615e-01,-4.086926206946372986e-02,-7.213599979877471924e-03,5.381425619125366211e-01,-3.468662500381469727e-01,7.436488755047321320e-03,-2.032374143600463867e-01,-5.323169007897377014e-02,5.979010090231895447e-02,5.780748128890991211e-01,-4.196812510490417480e-01,9.775727242231369019e-02,1.508347094058990479e-01,-1.402559727430343628e-01,1.292963624000549316e-01,-7.267012000083923340e-01,-4.786895811557769775e-01,-6.705835461616516113e-02,-8.422644436359405518e-02,-3.464301228523254395e-01,7.146154046058654785e-01,-4.950856566429138184e-01,1.061807349324226379e-01,0.000000000000000000e+00
-1.083288788795471191e-01,-4.403603076934814453e-02,7.579012513160705566e-01,-4.271193966269493103e-02,1.332124695181846619e-02,9.827860593795776367e-01,1.792479753494262695e-01,-3.842569291591644287e-01,-6.508594751358032227e-02,-9.855239186435937881e-04,5.251211524009704590e-01,-3.589756488800048828e-01,2.021775767207145691e-02,-2.186178863048553467e-01,-7.397674024105072021e-02,8.080457150936126709e-02,6.366554498672485352e-01,-3.958697021007537842e-01,1.160366386175155640e-01,1.337925791740417480e-01,-1.445356458425521851e-01,1.167136952280998230e-01,-7.259458303451538086e-01,-4.740387201309204102e-01,-7.663995772600173950e-02,-5.364598333835601807e-02,-3.679849505424499512e-01,7.029168605804443359e-01,-4.917842745780944824e-01,1.133224591612815857e-01,0.000000000000000000e+00
-1.168982982635498047e-01,-4.926609620451927185e-02,7.566781044006347656e-01,-3.885087370872497559e-02,1.603709906339645386e-02,9.832888841629028320e-01,1.771339625120162964e-01,-3.618138432502746582e-01,-8.411636948585510254e-02,4.803841467946767807e-03,5.175799131393432617e-01,-3.685853779315948486e-01,3.456374630331993103e-02,-2.392189800739288330e-01,-9.720934927463531494e-02,8.876774460077285767e-02,7.040682435035705566e-01,-3.367729485034942627e-01,1.396936178207397461e-01,1.152979806065559387e-01,-1.451536864042282104e-01,1.072195172309875488e-01,-7.236002683639526367e-01,-4.679424762725830078e-01,-8.557699620723724365e-02,-3.036924824118614197e-02,-3.825945854187011719e-01,6.833979487419128418e-01,-4.770803749561309814e-01,1.180760860443115234e-01,0.000000000000000000e+00
-1.251100152730941772e-01,-5.384727194905281067e-02,7.560017704963684082e-01,-3.645690530538558960e-02,1.594853214919567108e-02,9.844332337379455566e-01,1.711951494216918945e-01,-3.430138528347015381e-01,-9.837764501571655273e-02,8.109596674330532551e-04,5.098916888236999512e-01,-3.755888938903808594e-01,4.553367570042610168e-02,-2.704830467700958252e-01,-1.271460205316543579e-01,7.529019564390182495e-02,7.799013853073120117e-01,-2.737270295619964600e-01,1.387327462434768677e-01,9.081543982028961182e-02,-1.427304595708847046e-01,1.052932217717170715e-01,-7.183181643486022949e-01,-4.581523835659027100e-01,-9.083410352468490601e-02,-1.423529069870710373e-02,-3.906893134117126465e-01,6.618441343307495117e-01,-4.620126783847808838e-01,1.178549230098724365e-01,0.000000000000000000e+00
-1.323912888765335083e-01,-5.765503272414207458e-02,7.553525567054748535e-01,-3.169375658035278320e-02,1.599099487066268921e-02,9.860781431198120117e-01,1.624491810798645020e-01,-3.151583373546600342e-01,-1.133505702018737793e-01,-7.395983673632144928e-03,4.923436939716339111e-01,-3.815773725509643555e-01,5.700717121362686157e-02,-3.160917460918426514e-01,-1.462490409612655640e-01,7.279867678880691528e-02,8.815586566925048828e-01,-2.362420856952667236e-01,1.286693066358566284e-01,6.058753654360771179e-02,-1.357467323541641235e-01,1.065856814384460449e-01,-7.086622118949890137e-01,-4.489492774009704590e-01,-8.612852543592453003e-02,-3.012654196936637163e-04,-3.949963748455047607e-01,6.402346491813659668e-01,-4.433643221855163574e-01,1.273065358400344849e-01,0.000000000000000000e+00
-1.386139094829559326e-01,-5.820465832948684692e-02,7.549159526824951172e-01,-3.112337552011013031e-02,1.561454497277736664e-02,9.868052601814270020e-01,1.581232398748397827e-01,-3.075021207332611084e-01,-1.197037324309349060e-01,-1.854231767356395721e-02,4.962309002876281738e-01,-3.891882598400115967e-01,6.401018053293228149e-02,-3.528574407100677490e-01,-1.599032133817672729e-01,6.387130171060562134e-02,9.365433454513549805e-01,-2.344090193510055542e-01,1.128516346216201782e-01,3.972320631146430969e-02,-1.337755620479583740e-01,1.087006628513336182e-01,-7.077599167823791504e-01,-4.421611428260803223e-01,-9.038763493299484253e-02,9.694467298686504364e-03,-3.944406807422637939e-01,6.244194507598876953e-01,-4.376837015151977539e-01,1.228358149528503418e-01,0.000000000000000000e+00
-1.455156803131103516e-01,-5.893613398075103760e-02,7.552921175956726074e-01,-3.027742914855480194e-02,1.604843698441982269e-02,9.882924556732177734e-01,1.486734151840209961e-01,-2.844919562339782715e-01,-1.297980993986129761e-01,-3.245417401194572449e-02,4.726392030715942383e-01,-3.862375319004058838e-01,6.586700677871704102e-02,-4.031221866607666016e-01,-1.591407209634780884e-01,6.698772311210632324e-02,9.966773986816406250e-01,-2.363902628421783447e-01,9.588295966386795044e-02,7.273836527019739151e-03,-1.235530972480773926e-01,1.173274666070938110e-01,-6.968544125556945801e-01,-4.380397200584411621e-01,-9.917335212230682373e-02,1.805134862661361694e-02,-3.950893282890319824e-01,6.056997776031494141e-01,-4.283426105976104736e-01,1.285324394702911377e-01,0.000000000000000000e+00
-1.504578590393066406e-01,-5.641899630427360535e-02,7.548788189888000488e-01,-3.071102499961853027e-02,1.521722786128520966e-02,9.890314936637878418e-01,1.436730176210403442e-01,-2.845774292945861816e-01,-1.295446306467056274e-01,-4.420682042837142944e-02,4.859872460365295410e-01,-3.955637812614440918e-01,6.413245946168899536e-02,-4.406924247741699219e-01,-1.540259718894958496e-01,5.439933761954307556e-02,1.008732676506042480e+00,-2.609680891036987305e-01,7.896540313959121704e-02,-9.953377768397331238e-03,-1.209665983915328979e-01,1.235216110944747925e-01,-6.813859939575195312e-01,-4.301088452339172363e-01,-1.075215786695480347e-01,2.255632355809211731e-02,-3.899949193000793457e-01,5.901005268096923828e-01,-4.320781230926513672e-01,1.221665665507316589e-01,0.000000000000000000e+00
-1.566133797168731689e-01,-5.545957013964653015e-02,7.552613615989685059e-01,-3.008103743195533752e-02,1.476944331079721451e-02,9.902737140655517578e-01,1.350368857383728027e-01,-2.676566839218139648e-01,-1.338240057229995728e-01,-5.832597613334655762e-02,4.730479717254638672e-01,-3.952576220035552979e-01,6.481438130140304565e-02,-4.775453805923461914e-01,-1.394870281219482422e-01,6.308022141456604004e-02,1.012539744377136230e+00,-2.734250128269195557e-01,7.004006952047348022e-02,-3.666952624917030334e-02,-1.194592863321304321e-01,1.281057149171829224e-01,-6.726985573768615723e-01,-4.160166084766387939e-01,-1.138835176825523376e-01,2.730340324342250824e-02,-3.902557790279388428e-01,5.811578631401062012e-01,-4.329615235328674316e-01,1.155197396874427795e-01,0.000000000000000000e+00
-1.695143431425094604e-01,-5.497696250677108765e-02,7.552549839019775391e-01,-3.235629945993423462e-02,1.240701414644718170e-02,9.914441108703613281e-01,1.258480548858642578e-01,-2.491581141948699951e-01,-1.346065402030944824e-01,-6.446388363838195801e-02,4.656152129173278809e-01,-4.041710197925567627e-01,5.935841053724288940e-02,-5.245718955993652344e-01,-1.200304850935935974e-01,5.232023447751998901e-02,9.949299097061157227e-01,-2.879340052604675293e-01,6.771238148212432861e-02,-6.756126135587692261e-02,-1.137919798493385315e-01,1.320621371269226074e-01,-6.572579741477966309e-01,-4.152407944202423096e-01,-1.248013377189636230e-01,3.311887010931968689e-02,-3.859030902385711670e-01,5.613791942596435547e-01,-4.394923746585845947e-01,1.122330203652381897e-01,0.000000000000000000e+00
-1.715473979711532593e-01,-5.473486334085464478e-02,7.548609375953674316e-01,-3.043247014284133911e-02,1.275229454040527344e-02,9.925810694694519043e-01,1.170217022299766541e-01,-2.405048906803131104e-01,-1.388921141624450684e-01,-7.348342239856719971e-02,4.614885449409484863e-01,-4.076714515686035156e-01,5.724687501788139343e-02,-5.421456098556518555e-01,-9.765423834323883057e-02,5.854438245296478271e-02,9.611769318580627441e-01,-2.920730412006378174e-01,7.264073193073272705e-02,-8.591610938310623169e-02,-1.147403642535209656e-01,1.319948583841323853e-01,-6.451596021652221680e-01,-4.108611941337585449e-01,-1.202761903405189514e-01,2.880765497684478760e-02,-3.833075463771820068e-01,5.578421354293823242e-01,-4.447726905345916748e-01,1.053000316023826599e-01,0.000000000000000000e+00
-1.810634434223175049e-01,-5.813216045498847961e-02,7.543342709541320801e-01,-3.223096206784248352e-02,9.382531046867370605e-03,9.931573867797851562e-01,1.118548884987831116e-01,-2.294624894857406616e-01,-1.400408297777175903e-01,-7.360383868217468262e-02,4.595795571804046631e-01,-4.180056750774383545e-01,5.151289328932762146e-02,-5.761023759841918945e-01,-7.207029312849044800e-02,5.003640055656433105e-02,8.955046534538269043e-01,-2.929540276527404785e-01,8.037513494491577148e-02,-1.024449765682220459e-01,-1.176960766315460205e-01,1.335598975419998169e-01,-6.427629590034484863e-01,-4.147608876228332520e-01,-1.249363645911216736e-01,2.919127419590950012e-02,-3.841887116432189941e-01,5.558164715766906738e-01,-4.638946354389190674e-01,1.002347245812416077e-01,0.000000000000000000e+00
-1.876332312822341919e-01,-6.001020222902297974e-02,7.534533739089965820e-01,-3.125919774174690247e-02,6.384419742971658707e-03,9.934798479080200195e-01,1.094525158405303955e-01,-2.194118350744247437e-01,-1.398569643497467041e-01,-7.753583043813705444e-02,4.631138741970062256e-01,-4.322980344295501709e-01,5.396676436066627502e-02,-5.879083275794982910e-01,-4.401132464408874512e-02,5.545159056782722473e-02,8.142682909965515137e-01,-2.837734222412109375e-01,9.253391623497009277e-02,-1.090485826134681702e-01,-1.281587630510330200e-01,1.349837034940719604e-01,-6.354492306709289551e-01,-4.149790704250335693e-01,-1.298006027936935425e-01,2.625792287290096283e-02,-3.816345036029815674e-01,5.488308072090148926e-01,-4.797356128692626953e-01,9.719084948301315308e-02,0.000000000000000000e+00
-1.915343403816223145e-01,-6.160907074809074402e-02,7.527463436126708984e-01,-2.994168363511562347e-02,2.915119286626577377e-03,9.937518239021301270e-01,1.074818521738052368e-01,-2.086823582649230957e-01,-1.376173645257949829e-01,-8.433039486408233643e-02,4.590586125850677490e-01,-4.455536007881164551e-01,5.933494120836257935e-02,-5.950309634208679199e-01,-1.653450168669223785e-02,6.567952036857604980e-02,7.444795966148376465e-01,-2.719365954399108887e-01,1.024628877639770508e-01,-1.114290729165077209e-01,-1.315543353557586670e-01,1.381117552518844604e-01,-6.324573159217834473e-01,-4.196410775184631348e-01,-1.237940862774848938e-01,2.341671101748943329e-02,-3.761043548583984375e-01,5.516100525856018066e-01,-4.877839684486389160e-01,8.885180950164794922e-02,0.000000000000000000e+00
-1.970406770706176758e-01,-6.070205196738243103e-02,7.523005008697509766e-01,-3.001431562006473541e-02,1.784889260306954384e-03,9.938900470733642578e-01,1.062003076076507568e-01,-1.984116882085800171e-01,-1.355436891317367554e-01,-8.389656245708465576e-02,4.560721218585968018e-01,-4.553529918193817139e-01,6.051433831453323364e-02,-6.054872274398803711e-01,1.531583815813064575e-02,7.426949590444564819e-02,6.482210755348205566e-01,-2.620680034160614014e-01,1.228374391794204712e-01,-1.050766706466674805e-01,-1.318732649087905884e-01,1.411340385675430298e-01,-6.195541024208068848e-01,-4.268428087234497070e-01,-1.249347105622291565e-01,2.496560662984848022e-02,-3.699873685836791992e-01,5.455290675163269043e-01,-4.916040301322937012e-01,8.562494814395904541e-02,0.000000000000000000e+00
-1.986837387084960938e-01,-6.141242012381553650e-02,7.519142031669616699e-01,-2.886467240750789642e-02,-1.016507972963154316e-03,9.937909841537475586e-01,1.074490919709205627e-01,-1.927872896194458008e-01,-1.319966465234756470e-01,-8.791678398847579956e-02,4.551300704479217529e-01,-4.665845632553100586e-01,6.406328082084655762e-02,-6.079172492027282715e-01,4.505499079823493958e-02,8.377034962177276611e-02,5.623133778572082520e-01,-2.531254887580871582e-01,1.394673883914947510e-01,-9.487721323966979980e-02,-1.351550072431564331e-01,1.470375806093215942e-01,-6.194589138031005859e-01,-4.344095289707183838e-01,-1.210426762700080872e-01,2.472637034952640533e-02,-3.635189235210418701e-01,5.444153547286987305e-01,-4.929223954677581787e-01,9.009286016225814819e-02,0.000000000000000000e+00
-2.050316035747528076e-01,-6.112901493906974792e-02,7.511641383171081543e-01,-2.862141467630863190e-02,-3.233593422919511795e-03,9.939596652984619141e-01,1.058989688754081726e-01,-1.828290969133377075e-01,-1.289136111736297607e-01,-8.668311685323715210e-02,4.565365612506866455e-01,-4.783006310462951660e-01,6.253843754529953003e-02,-6.125459671020507812e-01,6.949013471603393555e-02,8.227951079607009888e-02,4.966262280941009521e-01,-2.406680732965469360e-01,1.507039815187454224e-01,-8.966992050409317017e-02,-1.340397894382476807e-01,1.495112031698226929e-01,-6.139051914215087891e-01,-4.394830465316772461e-01,-1.230763718485832214e-01,2.717192284762859344e-02,-3.581100404262542725e-01,5.399203896522521973e-01,-4.931775629520416260e-01,8.576055616140365601e-02,0.000000000000000000e+00
-2.079944014549255371e-01,-5.990731343626976013e-02,7.500899434089660645e-01,-2.793554775416851044e-02,-3.005757462233304977e-03,9.941803216934204102e-01,1.040005460381507874e-01,-1.757844537496566772e-01,-1.299754530191421509e-01,-9.315183013677597046e-02,4.545202255249023438e-01,-4.896581470966339111e-01,6.690977513790130615e-02,-6.043959856033325195e-01,8.026687055826187134e-02,8.105836808681488037e-02,4.574712216854095459e-01,-2.329033911228179932e-01,1.548938602209091187e-01,-8.170805871486663818e-02,-1.334048509597778320e-01,1.541450917720794678e-01,-6.171637177467346191e-01,-4.502987563610076904e-01,-1.140867844223976135e-01,2.547168359160423279e-02,-3.558866977691650391e-01,5.444632768630981445e-01,-4.925518035888671875e-01,9.113419055938720703e-02,0.000000000000000000e+00
-2.144707143306732178e-01,-5.974592640995979309e-02,7.486760616302490234e-01,-2.764340862631797791e-02,-4.181752912700176239e-03,9.943673610687255859e-01,1.022345945239067078e-01,-1.645501405000686646e-01,-1.297003775835037231e-01,-9.406450390815734863e-02,4.535309672355651855e-01,-5.040448307991027832e-01,6.697618961334228516e-02,-6.031783819198608398e-01,8.914858847856521606e-02,7.418365776538848877e-02,4.343250393867492676e-01,-2.268806397914886475e-01,1.566055566072463989e-01,-7.973127067089080811e-02,-1.322040855884552002e-01,1.550872623920440674e-01,-6.218044757843017578e-01,-4.545446038246154785e-01,-1.172724068164825439e-01,2.411849237978458405e-02,-3.537973165512084961e-01,5.467730760574340820e-01,-4.905013442039489746e-01,9.321793913841247559e-02,0.000000000000000000e+00
-2.238509505987167358e-01,-5.852829292416572571e-02,7.462116479873657227e-01,-2.860447764396667480e-02,-5.229613278061151505e-03,9.946814179420471191e-01,9.880966693162918091e-02,-1.591901034116744995e-01,-1.297442317008972168e-01,-9.728394448757171631e-02,4.677217900753021240e-01,-5.253866910934448242e-01,6.803838163614273071e-02,-6.025158762931823730e-01,9.437843412160873413e-02,6.248075887560844421e-02,4.422732591629028320e-01,-2.234607487916946411e-01,1.528357416391372681e-01,-7.784277200698852539e-02,-1.300596147775650024e-01,1.526941955089569092e-01,-6.227616667747497559e-01,-4.586142897605895996e-01,-1.169448494911193848e-01,1.961658708751201630e-02,-3.514320552349090576e-01,5.483213067054748535e-01,-4.877019524574279785e-01,9.067618101835250854e-02,0.000000000000000000e+00
-2.329532802104949951e-01,-5.640355870127677917e-02,7.442011833190917969e-01,-2.933015860617160797e-02,-5.866024643182754517e-03,9.950432181358337402e-01,9.483870118856430054e-02,-1.513526737689971924e-01,-1.293531060218811035e-01,-1.033039614558219910e-01,4.776014983654022217e-01,-5.428580641746520996e-01,6.922096759080886841e-02,-5.959353446960449219e-01,9.674946218729019165e-02,5.211465060710906982e-02,4.475796222686767578e-01,-2.224951982498168945e-01,1.499258875846862793e-01,-7.798515260219573975e-02,-1.319661587476730347e-01,1.520462483167648315e-01,-6.261158585548400879e-01,-4.557638466358184814e-01,-1.191634237766265869e-01,1.605519466102123260e-02,-3.495706617832183838e-01,5.533279776573181152e-01,-4.860105812549591064e-01,9.210820496082305908e-02,0.000000000000000000e+00
-2.445546388626098633e-01,-5.391870811581611633e-02,7.425900101661682129e-01,-3.044639155268669128e-02,-7.146500516682863235e-03,9.954228401184082031e-01,9.030701220035552979e-02,-1.395336687564849854e-01,-1.271016895771026611e-01,-1.085825338959693909e-01,4.860050976276397705e-01,-5.540906190872192383e-01,6.654928624629974365e-02,-5.866865515708923340e-01,9.887209534645080566e-02,4.312923923134803772e-02,4.582229852676391602e-01,-2.212198823690414429e-01,1.444112211465835571e-01,-8.063904196023941040e-02,-1.318717449903488159e-01,1.494720876216888428e-01,-6.311165690422058105e-01,-4.538143873214721680e-01,-1.221458613872528076e-01,1.159651577472686768e-02,-3.486016988754272461e-01,5.612954497337341309e-01,-4.877297878265380859e-01,9.172404557466506958e-02,0.000000000000000000e+00
-2.573437690734863281e-01,-5.057804659008979797e-02,7.413477301597595215e-01,-3.272178769111633301e-02,-8.611434139311313629e-03,9.957449436187744141e-01,8.571544289588928223e-02,-1.303426474332809448e-01,-1.228172630071640015e-01,-1.126328632235527039e-01,4.987258911132812500e-01,-5.601769089698791504e-01,5.924724787473678589e-02,-5.751827955245971680e-01,1.022906526923179626e-01,3.546634688973426819e-02,4.659388661384582520e-01,-2.218992859125137329e-01,1.392422467470169067e-01,-8.145978301763534546e-02,-1.335037648677825928e-01,1.469551473855972290e-01,-6.281436085700988770e-01,-4.447194337844848633e-01,-1.192342340946197510e-01,7.922801189124584198e-03,-3.444612920284271240e-01,5.683501362800598145e-01,-4.899614751338958740e-01,9.046836197376251221e-02,0.000000000000000000e+00
-2.717973589897155762e-01,-4.629160463809967041e-02,7.409750223159790039e-01,-3.565737232565879822e-02,-9.867274202406406403e-03,9.958422183990478516e-01,8.324362337589263916e-02,-1.155878826975822449e-01,-1.165349334478378296e-01,-1.130369007587432861e-01,5.033131837844848633e-01,-5.546177625656127930e-01,4.662205278873443604e-02,-5.542441606521606445e-01,1.028752699494361877e-01,2.070688642561435699e-02,4.700853228569030762e-01,-2.170184999704360962e-01,1.370447427034378052e-01,-8.208118379116058350e-02,-1.332371830940246582e-01,1.460536569356918335e-01,-6.280636787414550781e-01,-4.394617974758148193e-01,-1.177963986992835999e-01,5.150598008185625076e-03,-3.439631164073944092e-01,5.779448747634887695e-01,-4.929319322109222412e-01,9.343993663787841797e-02,0.000000000000000000e+00
-2.867581546306610107e-01,-4.103250056505203247e-02,7.402734160423278809e-01,-3.931215032935142517e-02,-1.253816299140453339e-02,9.960201382637023926e-01,7.900126278400421143e-02,-1.117894276976585388e-01,-1.061271578073501587e-01,-1.144241094589233398e-01,5.283184051513671875e-01,-5.498301982879638672e-01,3.164763003587722778e-02,-5.383398532867431641e-01,1.073110029101371765e-01,7.852669805288314819e-03,4.810909330844879150e-01,-2.238237261772155762e-01,1.307249367237091064e-01,-8.001394569873809814e-02,-1.299959421157836914e-01,1.501432508230209351e-01,-6.290814280509948730e-01,-4.377559721469879150e-01,-1.192194148898124695e-01,-4.150984343141317368e-03,-3.340808153152465820e-01,5.859442949295043945e-01,-4.857174158096313477e-01,9.805208444595336914e-02,0.000000000000000000e+00
-2.998822331428527832e-01,-3.681305050849914551e-02,7.402111291885375977e-01,-4.120203480124473572e-02,-1.554622687399387360e-02,9.961997270584106445e-01,7.514530420303344727e-02,-1.055022105574607849e-01,-9.631006419658660889e-02,-1.169894933700561523e-01,5.489454269409179688e-01,-5.361719727516174316e-01,1.642355695366859436e-02,-5.199924707412719727e-01,1.121599301695823669e-01,-1.043399330228567123e-03,4.848212003707885742e-01,-2.372277677059173584e-01,1.220806613564491272e-01,-7.883454114198684692e-02,-1.302388459444046021e-01,1.544957458972930908e-01,-6.318004131317138672e-01,-4.366763234138488770e-01,-1.131658405065536499e-01,-1.191385369747877121e-02,-3.274805247783660889e-01,5.899617075920104980e-01,-4.816784262657165527e-01,9.471742808818817139e-02,0.000000000000000000e+00
-3.142332136631011963e-01,-3.144687414169311523e-02,7.402175068855285645e-01,-4.338324069976806641e-02,-1.789969950914382935e-02,9.961783885955810547e-01,7.366231828927993774e-02,-9.873705357313156128e-02,-8.425878733396530151e-02,-1.090866699814796448e-01,5.698633790016174316e-01,-5.112743973731994629e-01,-4.024831112474203110e-03,-5.020570158958435059e-01,1.196500584483146667e-01,-4.028630442917346954e-03,4.875324070453643799e-01,-2.615294754505157471e-01,1.115954816341400146e-01,-7.357674092054367065e-02,-1.262096315622329712e-01,1.631998866796493530e-01,-6.328833699226379395e-01,-4.374265968799591064e-01,-1.060683950781822205e-01,-2.330446057021617889e-02,-3.213189840316772461e-01,5.993431210517883301e-01,-4.818421006202697754e-01,9.701803326606750488e-02,0.000000000000000000e+00
-3.253311514854431152e-01,-2.763327397406101227e-02,7.402998805046081543e-01,-4.396372288465499878e-02,-2.030451968312263489e-02,9.962460994720458984e-01,7.175411283969879150e-02,-9.496165066957473755e-02,-7.428658008575439453e-02,-1.038623228669166565e-01,5.916358232498168945e-01,-4.846165776252746582e-01,-2.349539287388324738e-02,-4.828097820281982422e-01,1.249114871025085449e-01,-1.029752288013696671e-02,4.845187962055206299e-01,-2.815019488334655762e-01,1.055880114436149597e-01,-6.934581696987152100e-02,-1.218558847904205322e-01,1.722743213176727295e-01,-6.428902745246887207e-01,-4.466491937637329102e-01,-9.922965615987777710e-02,-3.073295019567012787e-02,-3.173629939556121826e-01,6.115331649780273438e-01,-4.878697991371154785e-01,9.955285489559173584e-02,0.000000000000000000e+00
-3.368983864784240723e-01,-2.407745271921157837e-02,7.397887706756591797e-01,-4.488765820860862732e-02,-2.409054152667522430e-02,9.960039854049682617e-01,7.335379719734191895e-02,-9.833940863609313965e-02,-6.575096398591995239e-02,-1.087714731693267822e-01,6.287859678268432617e-01,-4.520311951637268066e-01,-4.913232848048210144e-02,-4.641293287277221680e-01,1.353549510240554810e-01,-1.356518268585205078e-02,4.819123148918151855e-01,-3.021204471588134766e-01,9.741456806659698486e-02,-6.316755712032318115e-02,-1.195298954844474792e-01,1.830348670482635498e-01,-6.573046445846557617e-01,-4.488118290901184082e-01,-9.309503436088562012e-02,-4.535099864006042480e-02,-3.125833272933959961e-01,6.336540579795837402e-01,-4.960190653800964355e-01,1.048599258065223694e-01,0.000000000000000000e+00
-3.458525538444519043e-01,-1.949539780616760254e-02,7.388846278190612793e-01,-4.465093091130256653e-02,-2.685936912894248962e-02,9.956232905387878418e-01,7.758311927318572998e-02,-1.046516299247741699e-01,-5.871680751442909241e-02,-1.141524389386177063e-01,6.686657667160034180e-01,-4.111306071281433105e-01,-8.457980304956436157e-02,-4.480834901332855225e-01,1.473455876111984253e-01,-1.507127005606889725e-02,4.815876483917236328e-01,-3.202000856399536133e-01,9.156707674264907837e-02,-5.528876557946205139e-02,-1.199734807014465332e-01,1.931973993778228760e-01,-6.590112447738647461e-01,-4.471164643764495850e-01,-8.830845355987548828e-02,-5.997555330395698547e-02,-3.080194592475891113e-01,6.454792022705078125e-01,-5.010582208633422852e-01,1.079733297228813171e-01,0.000000000000000000e+00
-3.555661439895629883e-01,-1.502542942762374878e-02,7.375361323356628418e-01,-4.623600095510482788e-02,-2.936473861336708069e-02,9.950517416000366211e-01,8.289751410484313965e-02,-1.206936016678810120e-01,-5.301235616207122803e-02,-1.232905387878417969e-01,7.223568558692932129e-01,-3.444671034812927246e-01,-1.286574751138687134e-01,-4.374505579471588135e-01,1.606696099042892456e-01,-8.916893973946571350e-03,4.850426614284515381e-01,-3.434816300868988037e-01,7.769478857517242432e-02,-4.357650876045227051e-02,-1.203068047761917114e-01,2.048865556716918945e-01,-6.587651968002319336e-01,-4.467718303203582764e-01,-8.670742809772491455e-02,-7.596557587385177612e-02,-3.042327165603637695e-01,6.651930212974548340e-01,-5.134708881378173828e-01,1.132468581199645996e-01,0.000000000000000000e+00
-3.631543219089508057e-01,-1.133751031011343002e-02,7.363658547401428223e-01,-4.573760554194450378e-02,-3.032910265028476715e-02,9.946075677871704102e-01,8.800026774406433105e-02,-1.406024992465972900e-01,-3.398648276925086975e-02,-1.076262965798377991e-01,7.787164449691772461e-01,-2.645603120326995850e-01,-1.577833145856857300e-01,-4.255193173885345459e-01,1.696621179580688477e-01,-4.398157470859587193e-04,4.872024059295654297e-01,-3.641959428787231445e-01,6.227670982480049133e-02,-3.727595135569572449e-02,-1.221077814698219299e-01,2.132034897804260254e-01,-6.595576405525207520e-01,-4.458078742027282715e-01,-8.448654413223266602e-02,-9.158392250537872314e-02,-2.990662455558776855e-01,6.787545680999755859e-01,-5.209676623344421387e-01,1.150350645184516907e-01,0.000000000000000000e+00
-3.718387186527252197e-01,-8.137992583215236664e-03,7.352018356323242188e-01,-4.640869796276092529e-02,-3.134925663471221924e-02,9.940845966339111328e-01,9.305520355701446533e-02,-1.659977883100509644e-01,-1.075368747115135193e-02,-8.343883603811264038e-02,8.415035605430603027e-01,-2.262723743915557861e-01,-1.698745340108871460e-01,-4.136380851268768311e-01,1.780579984188079834e-01,9.148618206381797791e-03,4.876212477684020996e-01,-3.865349590778350830e-01,4.702511057257652283e-02,-2.895210310816764832e-02,-1.253615915775299072e-01,2.208236157894134521e-01,-6.617629528045654297e-01,-4.472835659980773926e-01,-8.109551668167114258e-02,-1.068791523575782776e-01,-2.976686954498291016e-01,6.952117085456848145e-01,-5.315193533897399902e-01,1.189493983983993530e-01,0.000000000000000000e+00
-3.784949481487274170e-01,-4.593463148921728134e-03,7.341992855072021484e-01,-4.733134061098098755e-02,-3.144827857613563538e-02,9.935096502304077148e-01,9.853611141443252563e-02,-1.996132433414459229e-01,1.292388886213302612e-02,-6.142831221222877502e-02,9.013641476631164551e-01,-2.192399054765701294e-01,-1.673265993595123291e-01,-4.049692749977111816e-01,1.861073374748229980e-01,2.000707574188709259e-02,4.873794317245483398e-01,-4.044208228588104248e-01,3.551052138209342957e-02,-1.785007491707801819e-02,-1.287087500095367432e-01,2.272204458713531494e-01,-6.622073054313659668e-01,-4.479224085807800293e-01,-8.054762333631515503e-02,-1.212519630789756775e-01,-2.934838235378265381e-01,7.064784765243530273e-01,-5.380867719650268555e-01,1.239427700638771057e-01,0.000000000000000000e+00
-3.867596089839935303e-01,-1.812928239814937115e-03,7.335265874862670898e-01,-4.810263961553573608e-02,-3.176640346646308899e-02,9.927904605865478516e-01,1.050910875201225281e-01,-2.363623678684234619e-01,4.382667317986488342e-02,-3.744878992438316345e-02,9.536093473434448242e-01,-2.254723608493804932e-01,-1.513515561819076538e-01,-3.925311863422393799e-01,1.931994557380676270e-01,3.205280005931854248e-02,4.849256873130798340e-01,-4.214111566543579102e-01,2.588478289544582367e-02,-2.801974071189761162e-03,-1.341349333524703979e-01,2.289872616529464722e-01,-6.626454591751098633e-01,-4.469975829124450684e-01,-7.728613913059234619e-02,-1.353794783353805542e-01,-2.871974110603332520e-01,7.145664095878601074e-01,-5.399834513664245605e-01,1.298817992210388184e-01,0.000000000000000000e+00
-3.940829038619995117e-01,1.158596016466617584e-03,7.331396341323852539e-01,-4.825379326939582825e-02,-3.070889227092266083e-02,9.921267032623291016e-01,1.114143058657646179e-01,-2.717487812042236328e-01,7.148769497871398926e-02,-1.090386044234037399e-02,9.880183339118957520e-01,-2.451668381690979004e-01,-1.271920800209045410e-01,-3.817086517810821533e-01,1.972261369228363037e-01,4.313374683260917664e-02,4.851951301097869873e-01,-4.358945488929748535e-01,1.934065110981464386e-02,9.862010367214679718e-03,-1.406402587890625000e-01,2.284098714590072632e-01,-6.640238165855407715e-01,-4.460817277431488037e-01,-7.686820626258850098e-02,-1.452972590923309326e-01,-2.856491804122924805e-01,7.188880443572998047e-01,-5.413097739219665527e-01,1.367629170417785645e-01,0.000000000000000000e+00
-4.041757881641387939e-01,2.611913718283176422e-03,7.330758571624755859e-01,-4.872969165444374084e-02,-2.972202561795711517e-02,9.910021424293518066e-01,1.210650056600570679e-01,-3.174488544464111328e-01,1.030818596482276917e-01,1.712034456431865692e-02,1.017728567123413086e+00,-2.747064828872680664e-01,-9.569867700338363647e-02,-3.672674894332885742e-01,2.001339197158813477e-01,6.089679151773452759e-02,4.838118851184844971e-01,-4.512685239315032959e-01,1.372932363301515579e-02,3.167404606938362122e-02,-1.441918611526489258e-01,2.242883890867233276e-01,-6.612187027931213379e-01,-4.487523436546325684e-01,-6.977935880422592163e-02,-1.528905481100082397e-01,-2.837209999561309814e-01,7.284101843833923340e-01,-5.433320403099060059e-01,1.405994743108749390e-01,0.000000000000000000e+00
-4.121326506137847900e-01,1.894090906716883183e-03,7.331295609474182129e-01,-4.846049845218658447e-02,-2.894912660121917725e-02,9.899803400039672852e-01,1.294313222169876099e-01,-3.678762912750244141e-01,1.285243332386016846e-01,3.741815313696861267e-02,1.032757759094238281e+00,-3.017371594905853271e-01,-6.852474063634872437e-02,-3.578840792179107666e-01,2.004382759332656860e-01,8.024077862501144409e-02,4.874452948570251465e-01,-4.628690779209136963e-01,8.136498741805553436e-03,5.227171629667282104e-02,-1.448478698730468750e-01,2.185733765363693237e-01,-6.575797200202941895e-01,-4.537859559059143066e-01,-6.412624567747116089e-02,-1.559395343065261841e-01,-2.818637192249298096e-01,7.361915111541748047e-01,-5.480774044990539551e-01,1.401727497577667236e-01,0.000000000000000000e+00
-4.228998422622680664e-01,1.745307119563221931e-03,7.337802052497863770e-01,-4.813351854681968689e-02,-2.534606307744979858e-02,9.881935119628906250e-01,1.432282924652099609e-01,-4.245386123657226562e-01,1.507935971021652222e-01,5.504810810089111328e-02,1.009610891342163086e+00,-3.424622118473052979e-01,-3.628795966506004333e-02,-3.462834656238555908e-01,1.970466375350952148e-01,1.076454296708106995e-01,4.932124316692352295e-01,-4.744381904602050781e-01,5.469524767249822617e-03,8.236678689718246460e-02,-1.451161503791809082e-01,2.103744596242904663e-01,-6.543131470680236816e-01,-4.604448676109313965e-01,-6.139194220304489136e-02,-1.569458246231079102e-01,-2.810018360614776611e-01,7.441025972366333008e-01,-5.480206012725830078e-01,1.318785548210144043e-01,0.000000000000000000e+00
-4.292209744453430176e-01,2.622588537633419037e-03,7.348284125328063965e-01,-4.718331620097160339e-02,-2.131147496402263641e-02,9.871461987495422363e-01,1.512014865875244141e-01,-4.698363840579986572e-01,1.546864211559295654e-01,5.421454831957817078e-02,9.720031023025512695e-01,-3.522835373878479004e-01,-2.385506033897399902e-02,-3.333680927753448486e-01,1.910617351531982422e-01,1.238358542323112488e-01,4.869736135005950928e-01,-4.783274531364440918e-01,7.949766702950000763e-03,1.022045686841011047e-01,-1.454362720251083374e-01,2.057731896638870239e-01,-6.556608080863952637e-01,-4.668321609497070312e-01,-5.928797647356987000e-02,-1.542569100856781006e-01,-2.844775915145874023e-01,7.496053576469421387e-01,-5.554488897323608398e-01,1.298395395278930664e-01,0.000000000000000000e+00
-4.320024251937866211e-01,2.598035149276256561e-03,7.358244061470031738e-01,-4.458221048116683960e-02,-1.613770425319671631e-02,9.860730171203613281e-01,1.594116091728210449e-01,-5.109710097312927246e-01,1.413056552410125732e-01,4.724926874041557312e-02,9.111906886100769043e-01,-3.497580587863922119e-01,-2.325983718037605286e-02,-3.296010494232177734e-01,1.823684871196746826e-01,1.372377127408981323e-01,4.931879341602325439e-01,-4.803384542465209961e-01,1.193522568792104721e-02,1.180427446961402893e-01,-1.406361609697341919e-01,2.007177621126174927e-01,-6.515025496482849121e-01,-4.740952253341674805e-01,-5.884356796741485596e-02,-1.534168422222137451e-01,-2.862449586391448975e-01,7.443377971649169922e-01,-5.577539205551147461e-01,1.375261694192886353e-01,0.000000000000000000e+00
-4.337454736232757568e-01,1.772885560058057308e-03,7.371937632560729980e-01,-4.281732439994812012e-02,-1.082494296133518219e-02,9.851069450378417969e-01,1.661741435527801514e-01,-5.475878715515136719e-01,1.213700622320175171e-01,2.881829068064689636e-02,8.489498496055603027e-01,-3.445354104042053223e-01,-2.686392515897750854e-02,-3.253028988838195801e-01,1.724939793348312378e-01,1.526942402124404907e-01,4.907076358795166016e-01,-4.804707169532775879e-01,1.778090558946132660e-02,1.312642097473144531e-01,-1.408959925174713135e-01,1.924291253089904785e-01,-6.473115682601928711e-01,-4.736455678939819336e-01,-5.327001959085464478e-02,-1.491967290639877319e-01,-2.919143736362457275e-01,7.366074323654174805e-01,-5.532481670379638672e-01,1.318374574184417725e-01,0.000000000000000000e+00
-4.392120540142059326e-01,9.219765779562294483e-04,7.396773099899291992e-01,-4.267125949263572693e-02,-4.086589906364679337e-03,9.843716621398925781e-01,1.708066612482070923e-01,-5.682554244995117188e-01,9.662280231714248657e-02,7.486147340387105942e-03,7.581595778465270996e-01,-3.366744518280029297e-01,-3.338799625635147095e-02,-3.167271316051483154e-01,1.567525416612625122e-01,1.680176109075546265e-01,4.822756350040435791e-01,-4.804025292396545410e-01,1.741811819374561310e-02,1.366463750600814819e-01,-1.399741321802139282e-01,1.835282891988754272e-01,-6.501821279525756836e-01,-4.686379730701446533e-01,-4.399029538035392761e-02,-1.477399617433547974e-01,-2.999682724475860596e-01,7.320985198020935059e-01,-5.439388155937194824e-01,1.204178184270858765e-01,0.000000000000000000e+00
-4.465708732604980469e-01,9.352905326522886753e-04,7.422106862068176270e-01,-4.434897750616073608e-02,3.414399689063429832e-03,9.843920469284057617e-01,1.702757626771926880e-01,-5.770286321640014648e-01,6.652358174324035645e-02,-6.075844634324312210e-03,6.588507890701293945e-01,-3.205551803112030029e-01,-4.444680362939834595e-02,-3.092963993549346924e-01,1.367831677198410034e-01,1.716816872358322144e-01,4.745685458183288574e-01,-4.834533631801605225e-01,1.991586945950984955e-02,1.291510611772537231e-01,-1.374842226505279541e-01,1.723022609949111938e-01,-6.555701494216918945e-01,-4.677209854125976562e-01,-3.890325129032135010e-02,-1.453084796667098999e-01,-3.070079386234283447e-01,7.283926010131835938e-01,-5.411754250526428223e-01,1.188589036464691162e-01,0.000000000000000000e+00
-4.541413187980651855e-01,5.991972866468131542e-04,7.442935705184936523e-01,-4.557650908827781677e-02,1.056624203920364380e-02,9.846704602241516113e-01,1.680333167314529419e-01,-5.762833952903747559e-01,3.997909650206565857e-02,-1.795897632837295532e-02,5.739638209342956543e-01,-2.990402281284332275e-01,-5.235163494944572449e-02,-3.019104301929473877e-01,1.154322028160095215e-01,1.693905591964721680e-01,4.696863293647766113e-01,-4.901768267154693604e-01,1.940999552607536316e-02,1.194134801626205444e-01,-1.382671296596527100e-01,1.630800813436508179e-01,-6.628425717353820801e-01,-4.642857909202575684e-01,-3.224158659577369690e-02,-1.410228163003921509e-01,-3.190081417560577393e-01,7.252819538116455078e-01,-5.443494319915771484e-01,1.143828928470611572e-01,0.000000000000000000e+00
-4.635497331619262695e-01,-1.492134761065244675e-03,7.442520856857299805e-01,-4.759902507066726685e-02,1.405772753059864044e-02,9.847427606582641602e-01,1.667884737253189087e-01,-5.763457417488098145e-01,2.127381041646003723e-02,-2.000623568892478943e-02,5.344934463500976562e-01,-2.806105315685272217e-01,-5.609583854675292969e-02,-3.008481264114379883e-01,1.010994166135787964e-01,1.707615554332733154e-01,4.799117147922515869e-01,-5.075899958610534668e-01,2.128574810922145844e-02,1.118526533246040344e-01,-1.360187530517578125e-01,1.596808582544326782e-01,-6.597856283187866211e-01,-4.682019650936126709e-01,-2.935588359832763672e-02,-1.360203921794891357e-01,-3.242926001548767090e-01,7.164833545684814453e-01,-5.470359921455383301e-01,1.128694415092468262e-01,0.000000000000000000e+00
-4.735097289085388184e-01,-1.917849062010645866e-03,7.450209259986877441e-01,-4.799172282218933105e-02,1.758510246872901917e-02,9.848990440368652344e-01,1.654130071401596069e-01,-5.622117519378662109e-01,6.488563958555459976e-03,-2.575288712978363037e-02,4.800471365451812744e-01,-2.579087316989898682e-01,-5.828106030821800232e-02,-2.873857021331787109e-01,8.643499761819839478e-02,1.694029867649078369e-01,4.768685102462768555e-01,-5.181558132171630859e-01,1.616192981600761414e-02,1.040441021323204041e-01,-1.345410048961639404e-01,1.525691747665405273e-01,-6.608058214187622070e-01,-4.692199230194091797e-01,-2.423011511564254761e-02,-1.263956874608993530e-01,-3.308580815792083740e-01,7.143194675445556641e-01,-5.468615889549255371e-01,1.094575151801109314e-01,0.000000000000000000e+00
-4.845538139343261719e-01,-3.129284363240003586e-03,7.438441514968872070e-01,-4.781238362193107605e-02,1.828405819833278656e-02,9.845713973045349121e-01,1.673285812139511108e-01,-5.531020164489746094e-01,-2.059852471575140953e-03,-2.526056393980979919e-02,4.737130701541900635e-01,-2.454816550016403198e-01,-5.890070274472236633e-02,-2.782987058162689209e-01,7.864741235971450806e-02,1.727317422628402710e-01,4.885343313217163086e-01,-5.365926623344421387e-01,1.527769677340984344e-02,1.012517437338829041e-01,-1.318313330411911011e-01,1.524542570114135742e-01,-6.579056382179260254e-01,-4.729483723640441895e-01,-2.524471655488014221e-02,-1.194655969738960266e-01,-3.322599530220031738e-01,7.106934189796447754e-01,-5.442694425582885742e-01,1.098523065447807312e-01,0.000000000000000000e+00
-4.943715929985046387e-01,-4.705870989710092545e-03,7.427088022232055664e-01,-4.622254148125648499e-02,1.786249689757823944e-02,9.842340350151062012e-01,1.697874814271926880e-01,-5.401021838188171387e-01,-4.679948557168245316e-03,-1.854552514851093292e-02,4.762545526027679443e-01,-2.363683730363845825e-01,-5.647016316652297974e-02,-2.653845250606536865e-01,7.256958633661270142e-02,1.761301308870315552e-01,4.958851039409637451e-01,-5.507309436798095703e-01,1.554257236421108246e-02,1.024207472801208496e-01,-1.283797025680541992e-01,1.571455746889114380e-01,-6.549910902976989746e-01,-4.782262444496154785e-01,-2.905075252056121826e-02,-1.130081862211227417e-01,-3.301892280578613281e-01,7.040240168571472168e-01,-5.382399559020996094e-01,1.093433648347854614e-01,0.000000000000000000e+00
-5.070242285728454590e-01,-6.737258285284042358e-03,7.415633201599121094e-01,-4.550391435623168945e-02,1.691123843193054199e-02,9.838387966156005859e-01,1.723504215478897095e-01,-5.228220820426940918e-01,-8.544305339455604553e-03,-1.812436804175376892e-02,4.819207489490509033e-01,-2.339666187763214111e-01,-5.184264853596687317e-02,-2.504091262817382812e-01,6.564115732908248901e-02,1.792588233947753906e-01,5.036160349845886230e-01,-5.624753832817077637e-01,1.888873241841793060e-02,1.038222461938858032e-01,-1.257359832525253296e-01,1.577700674533843994e-01,-6.522499918937683105e-01,-4.817092120647430420e-01,-2.903339639306068420e-02,-1.020942777395248413e-01,-3.323520123958587646e-01,7.038537263870239258e-01,-5.347437262535095215e-01,1.095714643597602844e-01,0.000000000000000000e+00
-5.196009874343872070e-01,-9.235401637852191925e-03,7.404614686965942383e-01,-4.315201938152313232e-02,1.602888852357864380e-02,9.838973283767700195e-01,1.727049201726913452e-01,-5.015659928321838379e-01,-1.106451079249382019e-02,-9.427393786609172821e-03,4.905950129032135010e-01,-2.342567145824432373e-01,-4.348038509488105774e-02,-2.337651550769805908e-01,5.697383359074592590e-02,1.806831955909729004e-01,5.154113769531250000e-01,-5.711293816566467285e-01,2.107861451804637909e-02,1.003065258264541626e-01,-1.217549070715904236e-01,1.592173874378204346e-01,-6.486525535583496094e-01,-4.824148714542388916e-01,-3.247833997011184692e-02,-8.962039649486541748e-02,-3.346653282642364502e-01,6.959057450294494629e-01,-5.336456298828125000e-01,1.104730293154716492e-01,0.000000000000000000e+00
-5.322710871696472168e-01,-1.320234406739473343e-02,7.392298579216003418e-01,-3.956276550889015198e-02,1.529089640825986862e-02,9.840342402458190918e-01,1.728512793779373169e-01,-4.777729213237762451e-01,-1.734301820397377014e-02,3.699998604133725166e-03,5.003796815872192383e-01,-2.428811043500900269e-01,-3.122771903872489929e-02,-2.190748304128646851e-01,4.568397253751754761e-02,1.812940388917922974e-01,5.347517728805541992e-01,-5.773150324821472168e-01,2.673975378274917603e-02,9.574528783559799194e-02,-1.181894615292549133e-01,1.586235612630844116e-01,-6.512739658355712891e-01,-4.853567183017730713e-01,-3.862145170569419861e-02,-7.780247181653976440e-02,-3.380291759967803955e-01,6.838101148605346680e-01,-5.297396183013916016e-01,1.120738312602043152e-01,0.000000000000000000e+00
-5.477993488311767578e-01,-1.456252206116914749e-02,7.377265691757202148e-01,-3.874190896749496460e-02,1.566210947930812836e-02,9.842296242713928223e-01,1.718889623880386353e-01,-4.606883823871612549e-01,-2.638275548815727234e-02,5.653610453009605408e-03,5.145958662033081055e-01,-2.754387855529785156e-01,-1.417766418308019638e-02,-2.103855907917022705e-01,3.335046768188476562e-02,1.699989736080169678e-01,5.630418062210083008e-01,-5.772826075553894043e-01,3.597821295261383057e-02,9.164278209209442139e-02,-1.180782616138458252e-01,1.560064703226089478e-01,-6.507862210273742676e-01,-4.865554273128509521e-01,-4.290739446878433228e-02,-6.745770573616027832e-02,-3.443579673767089844e-01,6.802765727043151855e-01,-5.271002650260925293e-01,1.112339198589324951e-01,0.000000000000000000e+00
-5.618246197700500488e-01,-1.753930933773517609e-02,7.369180917739868164e-01,-3.588186949491500854e-02,1.661469601094722748e-02,9.847155213356018066e-01,1.696226447820663452e-01,-4.347239732742309570e-01,-4.020225629210472107e-02,7.791290059685707092e-03,5.141153335571289062e-01,-2.987823784351348877e-01,8.040518732741475105e-04,-2.013527899980545044e-01,1.408831682056188583e-02,1.482363045215606689e-01,5.880093574523925781e-01,-5.640790462493896484e-01,4.897920042276382446e-02,8.688294887542724609e-02,-1.168430745601654053e-01,1.528672426939010620e-01,-6.519268155097961426e-01,-4.928523898124694824e-01,-3.910235688090324402e-02,-5.302671715617179871e-02,-3.543328344821929932e-01,6.716375350952148438e-01,-5.290439128875732422e-01,1.041039526462554932e-01,0.000000000000000000e+00
-5.793457627296447754e-01,-2.252267114818096161e-02,7.358130812644958496e-01,-3.538652136921882629e-02,1.985580101609230042e-02,9.847878217697143555e-01,1.689570099115371704e-01,-4.052236378192901611e-01,-6.221746280789375305e-02,1.316359546035528183e-02,5.050808787345886230e-01,-3.240842223167419434e-01,1.914960145950317383e-02,-2.095900326967239380e-01,-8.789571933448314667e-03,1.462410092353820801e-01,6.437557339668273926e-01,-5.352623462677001953e-01,6.985280662775039673e-02,7.683800160884857178e-02,-1.184248551726341248e-01,1.397735625505447388e-01,-6.505995988845825195e-01,-4.778185188770294189e-01,-4.878817498683929443e-02,-3.981743380427360535e-02,-3.664243519306182861e-01,6.617276072502136230e-01,-5.278384089469909668e-01,9.995194524526596069e-02,0.000000000000000000e+00
-5.882315635681152344e-01,-2.744575962424278259e-02,7.342334389686584473e-01,-3.255820274353027344e-02,2.343022823333740234e-02,9.852927327156066895e-01,1.660998761653900146e-01,-3.867966532707214355e-01,-8.410181105136871338e-02,1.097837835550308228e-02,5.010621547698974609e-01,-3.390414416790008545e-01,3.217572718858718872e-02,-2.294934540987014771e-01,-2.158755622804164886e-02,1.690100580453872681e-01,7.071083784103393555e-01,-4.958406984806060791e-01,9.793829917907714844e-02,6.362306326627731323e-02,-1.217956095933914185e-01,1.318393200635910034e-01,-6.589915156364440918e-01,-4.765850305557250977e-01,-6.062714383006095886e-02,-3.213782981038093567e-02,-3.797007501125335693e-01,6.525968909263610840e-01,-5.331069231033325195e-01,9.912575781345367432e-02,0.000000000000000000e+00
-5.934606194496154785e-01,-3.130062669515609741e-02,7.330594658851623535e-01,-2.775749564170837402e-02,2.653887867927551270e-02,9.858715534210205078e-01,1.630414873361587524e-01,-3.653255701065063477e-01,-1.020442992448806763e-01,1.030813809484243393e-02,4.903121292591094971e-01,-3.462124168872833252e-01,4.636076092720031738e-02,-2.551526129245758057e-01,-3.981505334377288818e-02,1.738410741090774536e-01,7.782752513885498047e-01,-4.013445973396301270e-01,1.346653997898101807e-01,5.208687111735343933e-02,-1.303549557924270630e-01,1.242719888687133789e-01,-6.601740121841430664e-01,-4.715162515640258789e-01,-6.880209594964981079e-02,-2.727317251265048981e-02,-3.921749591827392578e-01,6.405175924301147461e-01,-5.369549393653869629e-01,1.067079380154609680e-01,0.000000000000000000e+00
-5.993798971176147461e-01,-3.484717756509780884e-02,7.326921224594116211e-01,-2.499709650874137878e-02,2.744287811219692230e-02,9.864205718040466309e-01,1.599889993667602539e-01,-3.473615348339080811e-01,-1.157385334372520447e-01,1.389096607454121113e-03,4.797351658344268799e-01,-3.493730425834655762e-01,6.163011863827705383e-02,-2.895536124706268311e-01,-8.010872453451156616e-02,1.336709409952163696e-01,8.551720380783081055e-01,-2.473399341106414795e-01,1.522783935070037842e-01,3.754382207989692688e-02,-1.316163539886474609e-01,1.263222843408584595e-01,-6.550812721252441406e-01,-4.655539989471435547e-01,-7.922849804162979126e-02,-2.233076281845569611e-02,-3.952471911907196045e-01,6.197080612182617188e-01,-5.400649905204772949e-01,1.083827838301658630e-01,0.000000000000000000e+00
-6.037958860397338867e-01,-4.026730731129646301e-02,7.325512766838073730e-01,-2.247058972716331482e-02,2.685448154807090759e-02,9.870768189430236816e-01,1.563755422830581665e-01,-3.291487097740173340e-01,-1.273162513971328735e-01,-2.261550165712833405e-03,4.633726775646209717e-01,-3.497787415981292725e-01,7.109492272138595581e-02,-3.248663246631622314e-01,-1.043379306793212891e-01,1.208506971597671509e-01,9.215715527534484863e-01,-1.957304477691650391e-01,1.566185951232910156e-01,2.587551809847354889e-02,-1.354298889636993408e-01,1.247387453913688660e-01,-6.498683094978332520e-01,-4.617105424404144287e-01,-8.307088166475296021e-02,-1.846016570925712585e-02,-3.991676270961761475e-01,6.056141257286071777e-01,-5.431085228919982910e-01,1.064136251807212830e-01,0.000000000000000000e+00
-6.095425486564636230e-01,-4.408686608076095581e-02,7.322442531585693359e-01,-2.142538316547870636e-02,2.646065130829811096e-02,9.881350994110107422e-01,1.497656702995300293e-01,-3.114721477031707764e-01,-1.383707076311111450e-01,-8.892253972589969635e-03,4.460990428924560547e-01,-3.517560958862304688e-01,7.708477228879928589e-02,-3.675479590892791748e-01,-1.159368604421615601e-01,1.168254986405372620e-01,9.984615445137023926e-01,-1.625021845102310181e-01,1.562906056642532349e-01,6.251953076571226120e-03,-1.376051008701324463e-01,1.234155222773551941e-01,-6.425276994705200195e-01,-4.507195949554443359e-01,-9.154219180345535278e-02,-1.679524034261703491e-02,-3.995876312255859375e-01,5.923178791999816895e-01,-5.436035990715026855e-01,1.111458912491798401e-01,0.000000000000000000e+00
-6.156557798385620117e-01,-4.562223702669143677e-02,7.318328619003295898e-01,-1.871441490948200226e-02,2.251106873154640198e-02,9.895647168159484863e-01,1.410838067531585693e-01,-2.934931516647338867e-01,-1.404366642236709595e-01,-2.383034676313400269e-02,4.391206204891204834e-01,-3.651175796985626221e-01,8.635061234235763550e-02,-4.371359944343566895e-01,-1.134316027164459229e-01,1.247231513261795044e-01,1.091579437255859375e+00,-1.391196101903915405e-01,1.454699635505676270e-01,-1.782307401299476624e-02,-1.427481472492218018e-01,1.252575665712356567e-01,-6.452193856239318848e-01,-4.423532783985137939e-01,-9.970638900995254517e-02,-1.945764198899269104e-02,-3.946610689163208008e-01,5.898109078407287598e-01,-5.367239713668823242e-01,1.304542273283004761e-01,0.000000000000000000e+00
-6.230161190032958984e-01,-4.614390060305595398e-02,7.313207983970642090e-01,-1.912621408700942993e-02,2.040092460811138153e-02,9.907383918762207031e-01,1.328737437725067139e-01,-2.840178310871124268e-01,-1.435809731483459473e-01,-3.421461954712867737e-02,4.393956959247589111e-01,-3.790995776653289795e-01,9.089434891939163208e-02,-4.849530458450317383e-01,-1.072923019528388977e-01,1.232567355036735535e-01,1.137482166290283203e+00,-1.352010816335678101e-01,1.348807811737060547e-01,-3.649905323982238770e-02,-1.462269276380538940e-01,1.281990110874176025e-01,-6.310995221138000488e-01,-4.349261224269866943e-01,-1.047374382615089417e-01,-2.192495949566364288e-02,-3.890559077262878418e-01,5.787875652313232422e-01,-5.338677167892456055e-01,1.318300366401672363e-01,0.000000000000000000e+00
-6.337586641311645508e-01,-4.540798813104629517e-02,7.305812835693359375e-01,-2.045998163521289825e-02,1.810642331838607788e-02,9.917386174201965332e-01,1.253316402435302734e-01,-2.778013348579406738e-01,-1.458240300416946411e-01,-4.828191548585891724e-02,4.526602029800415039e-01,-3.998479843139648438e-01,9.586492180824279785e-02,-5.336940884590148926e-01,-9.341995418071746826e-02,1.242517679929733276e-01,1.159565925598144531e+00,-1.476005315780639648e-01,1.255878359079360962e-01,-5.699627101421356201e-02,-1.524438858032226562e-01,1.311877071857452393e-01,-6.178340911865234375e-01,-4.288410544395446777e-01,-1.128908097743988037e-01,-2.456994168460369110e-02,-3.855955898761749268e-01,5.712391138076782227e-01,-5.291933417320251465e-01,1.343199014663696289e-01,0.000000000000000000e+00
-6.423007249832153320e-01,-4.275788366794586182e-02,7.298072576522827148e-01,-2.292731963098049164e-02,1.788361743092536926e-02,9.927419424057006836e-01,1.166959404945373535e-01,-2.766429185867309570e-01,-1.492289304733276367e-01,-6.528829783201217651e-02,4.647887647151947021e-01,-4.173944592475891113e-01,9.951743483543395996e-02,-5.633149743080139160e-01,-7.331330329179763794e-02,1.310267299413681030e-01,1.152661204338073730e+00,-1.680674552917480469e-01,1.218824163079261780e-01,-7.355262339115142822e-02,-1.578209400177001953e-01,1.337290257215499878e-01,-6.141132712364196777e-01,-4.316180348396301270e-01,-1.239926144480705261e-01,-2.561645209789276123e-02,-3.844958841800689697e-01,5.703293085098266602e-01,-5.267946124076843262e-01,1.364600211381912231e-01,0.000000000000000000e+00
-6.553190350532531738e-01,-4.159957915544509888e-02,7.286823391914367676e-01,-2.627581357955932617e-02,1.531247328966856003e-02,9.938185214996337891e-01,1.067703440785408020e-01,-2.742086648941040039e-01,-1.508084684610366821e-01,-7.982479780912399292e-02,4.841422140598297119e-01,-4.422034621238708496e-01,9.812675416469573975e-02,-5.978627204895019531e-01,-5.113369598984718323e-02,1.265839934349060059e-01,1.118693947792053223e+00,-2.012784779071807861e-01,1.170710250735282898e-01,-9.586222469806671143e-02,-1.611810624599456787e-01,1.406761258840560913e-01,-6.043014526367187500e-01,-4.426610171794891357e-01,-1.248946934938430786e-01,-2.288126014173030853e-02,-3.843631148338317871e-01,5.553646087646484375e-01,-5.294141173362731934e-01,1.261553317308425903e-01,0.000000000000000000e+00
-6.615335941314697266e-01,-3.792739287018775940e-02,7.281057238578796387e-01,-2.371831052005290985e-02,1.637448556721210480e-02,9.943727254867553711e-01,1.019421219825744629e-01,-2.605225741863250732e-01,-1.519767642021179199e-01,-8.530235290527343750e-02,4.879928529262542725e-01,-4.516106545925140381e-01,9.149377793073654175e-02,-6.205704808235168457e-01,-3.089390695095062256e-02,1.258177310228347778e-01,1.059177637100219727e+00,-2.278201431035995483e-01,1.151132658123970032e-01,-1.091821491718292236e-01,-1.666351705789566040e-01,1.433100700378417969e-01,-6.019000411033630371e-01,-4.441567659378051758e-01,-1.245059743523597717e-01,-2.261776849627494812e-02,-3.840266168117523193e-01,5.505297183990478516e-01,-5.213748812675476074e-01,1.197257861495018005e-01,0.000000000000000000e+00
-6.716742515563964844e-01,-3.681526333093643188e-02,7.274723052978515625e-01,-2.412343584001064301e-02,1.370295323431491852e-02,9.948146343231201172e-01,9.784749895334243774e-02,-2.546137273311614990e-01,-1.510164886713027954e-01,-9.660597890615463257e-02,5.057369470596313477e-01,-4.675482809543609619e-01,8.814935386180877686e-02,-6.492738723754882812e-01,-5.680651869624853134e-03,1.316699087619781494e-01,9.534295201301574707e-01,-2.387370020151138306e-01,1.227527484297752380e-01,-1.223527044057846069e-01,-1.711557507514953613e-01,1.500141024589538574e-01,-5.956610441207885742e-01,-4.525714814662933350e-01,-1.240990832448005676e-01,-1.418515946716070175e-02,-3.844709992408752441e-01,5.442830324172973633e-01,-5.293750166893005371e-01,1.034145802259445190e-01,0.000000000000000000e+00
-6.740699410438537598e-01,-3.742135688662528992e-02,7.269040942192077637e-01,-2.268870919942855835e-02,1.199544873088598251e-02,9.949097037315368652e-01,9.744757413864135742e-02,-2.483073621988296509e-01,-1.495100706815719604e-01,-9.694235771894454956e-02,5.070783495903015137e-01,-4.779975712299346924e-01,8.815240859985351562e-02,-6.630146503448486328e-01,1.563994027674198151e-02,1.384332031011581421e-01,8.932373523712158203e-01,-2.469844073057174683e-01,1.267414093017578125e-01,-1.247799023985862732e-01,-1.727515608072280884e-01,1.581023931503295898e-01,-5.914115309715270996e-01,-4.628629684448242188e-01,-1.268354654312133789e-01,-1.776225492358207703e-02,-3.854070901870727539e-01,5.426055192947387695e-01,-5.367732644081115723e-01,1.008166149258613586e-01,0.000000000000000000e+00
-6.897860765457153320e-01,-3.878005966544151306e-02,7.267771959304809570e-01,-2.717245183885097504e-02,6.584353744983673096e-03,9.949353933334350586e-01,9.654985368251800537e-02,-2.383953928947448730e-01,-1.444954276084899902e-01,-9.974209964275360107e-02,5.167555809020996094e-01,-4.925786256790161133e-01,8.087614178657531738e-02,-6.731301546096801758e-01,4.308652132749557495e-02,1.411044448614120483e-01,7.575247287750244141e-01,-2.384338676929473877e-01,1.432226300239562988e-01,-1.225128397345542908e-01,-1.726338863372802734e-01,1.669417321681976318e-01,-5.860536694526672363e-01,-4.798096418380737305e-01,-1.235613748431205750e-01,-6.836683955043554306e-03,-3.813290894031524658e-01,5.365744829177856445e-01,-5.453978180885314941e-01,8.788552880287170410e-02,0.000000000000000000e+00
-6.959106326103210449e-01,-3.856857120990753174e-02,7.265272140502929688e-01,-2.620050124824047089e-02,6.319338921457529068e-03,9.949701428413391113e-01,9.647776931524276733e-02,-2.224737256765365601e-01,-1.451212465763092041e-01,-9.857318550348281860e-02,5.085238814353942871e-01,-4.965350329875946045e-01,7.917412370443344116e-02,-6.722881197929382324e-01,6.861976534128189087e-02,1.448538452386856079e-01,6.762694120407104492e-01,-2.239023745059967041e-01,1.548905223608016968e-01,-1.169253885746002197e-01,-1.681845635175704956e-01,1.740473508834838867e-01,-5.715641379356384277e-01,-4.910405576229095459e-01,-1.243089213967323303e-01,-4.138939082622528076e-03,-3.787648975849151611e-01,5.370544791221618652e-01,-5.514336824417114258e-01,9.429565817117691040e-02,0.000000000000000000e+00
-7.102886438369750977e-01,-3.855625540018081665e-02,7.270240187644958496e-01,-2.866576239466667175e-02,2.103700768202543259e-03,9.945899844169616699e-01,9.982310980558395386e-02,-2.016119360923767090e-01,-1.380930840969085693e-01,-9.324248135089874268e-02,5.024695396423339844e-01,-5.008814334869384766e-01,6.641384214162826538e-02,-6.678329706192016602e-01,9.173712134361267090e-02,1.361778825521469116e-01,5.585920810699462891e-01,-2.181937545537948608e-01,1.701939553022384644e-01,-1.146234124898910522e-01,-1.698170453310012817e-01,1.806824207305908203e-01,-5.697385668754577637e-01,-4.999076426029205322e-01,-1.270936429500579834e-01,3.603080520406365395e-03,-3.696596622467041016e-01,5.317137241363525391e-01,-5.515027642250061035e-01,9.318163990974426270e-02,0.000000000000000000e+00
-7.185367345809936523e-01,-3.714207559823989868e-02,7.263694405555725098e-01,-2.939807064831256866e-02,1.877055270597338676e-03,9.945914149284362793e-01,9.959968179464340210e-02,-1.893760114908218384e-01,-1.377332210540771484e-01,-9.229765832424163818e-02,5.010316967964172363e-01,-5.069697499275207520e-01,6.141147762537002563e-02,-6.613233089447021484e-01,1.077258661389350891e-01,1.334776133298873901e-01,5.002710819244384766e-01,-2.071579992771148682e-01,1.764414906501770020e-01,-1.129261702299118042e-01,-1.720262020826339722e-01,1.854461580514907837e-01,-5.695813894271850586e-01,-5.039983391761779785e-01,-1.276457160711288452e-01,2.251771278679370880e-03,-3.653184175491333008e-01,5.331492424011230469e-01,-5.549179315567016602e-01,9.166287630796432495e-02,0.000000000000000000e+00
-7.291051149368286133e-01,-3.556077182292938232e-02,7.255290150642395020e-01,-3.028262779116630554e-02,3.969435056205838919e-04,9.945727586746215820e-01,9.953833371400833130e-02,-1.734971255064010620e-01,-1.350732296705245972e-01,-9.185505658388137817e-02,4.994132816791534424e-01,-5.165706276893615723e-01,5.678494647145271301e-02,-6.526068449020385742e-01,1.165880039334297180e-01,1.135169714689254761e-01,4.528725445270538330e-01,-2.028993219137191772e-01,1.787109375000000000e-01,-1.147275492548942566e-01,-1.769857108592987061e-01,1.859470903873443604e-01,-5.746076107025146484e-01,-5.042217969894409180e-01,-1.245204731822013855e-01,3.316979389637708664e-03,-3.620286285877227783e-01,5.304121375083923340e-01,-5.531638860702514648e-01,8.959883451461791992e-02,0.000000000000000000e+00
-7.468165159225463867e-01,-3.346714004874229431e-02,7.239177227020263672e-01,-3.364956006407737732e-02,-1.421991182724013925e-04,9.950791001319885254e-01,9.319473057985305786e-02,-1.565497070550918579e-01,-1.366394162178039551e-01,-9.856742620468139648e-02,5.055881738662719727e-01,-5.229449272155761719e-01,4.959995672106742859e-02,-6.396943926811218262e-01,1.221481934189796448e-01,9.271483868360519409e-02,4.345121979713439941e-01,-1.940379738807678223e-01,1.807197183370590210e-01,-1.218474730849266052e-01,-1.771414875984191895e-01,1.892644315958023071e-01,-5.750325918197631836e-01,-5.094353556632995605e-01,-1.314387768507003784e-01,4.044042434543371201e-03,-3.583998084068298340e-01,5.188421010971069336e-01,-5.504306554794311523e-01,9.293246269226074219e-02,0.000000000000000000e+00
-7.593774199485778809e-01,-3.168002143502235413e-02,7.219517230987548828e-01,-3.449983522295951843e-02,-2.249000361189246178e-03,9.954271316528320312e-01,8.904770016670227051e-02,-1.462341994047164917e-01,-1.345676034688949585e-01,-1.056522279977798462e-01,5.208209753036499023e-01,-5.344514250755310059e-01,4.628488793969154358e-02,-6.331056952476501465e-01,1.241583004593849182e-01,8.017882704734802246e-02,4.417760968208312988e-01,-1.912555843591690063e-01,1.758506000041961670e-01,-1.284292042255401611e-01,-1.763033568859100342e-01,1.936074793338775635e-01,-5.820467472076416016e-01,-5.081889033317565918e-01,-1.338294148445129395e-01,3.467950737103819847e-03,-3.577423691749572754e-01,5.246343612670898438e-01,-5.532534718513488770e-01,9.558314830064773560e-02,0.000000000000000000e+00
-7.773052453994750977e-01,-2.982415072619915009e-02,7.200725674629211426e-01,-3.777749836444854736e-02,-4.457748029381036758e-03,9.958723187446594238e-01,8.240921795368194580e-02,-1.354216486215591431e-01,-1.338917016983032227e-01,-1.190856024622917175e-01,5.404472351074218750e-01,-5.356558561325073242e-01,3.956092149019241333e-02,-6.191822886466979980e-01,1.211725547909736633e-01,6.308397650718688965e-02,4.628496766090393066e-01,-1.865451633930206299e-01,1.696402877569198608e-01,-1.372159272432327271e-01,-1.746193617582321167e-01,1.992500722408294678e-01,-5.880206823348999023e-01,-5.077373385429382324e-01,-1.385119408369064331e-01,4.680070094764232635e-03,-3.583352267742156982e-01,5.279831290245056152e-01,-5.635104179382324219e-01,9.710326790809631348e-02,0.000000000000000000e+00
-7.948725819587707520e-01,-2.801108360290527344e-02,7.186321020126342773e-01,-3.878459706902503967e-02,-6.042797118425369263e-03,9.961816668510437012e-01,7.798260450363159180e-02,-1.176020950078964233e-01,-1.355851441621780396e-01,-1.382962018251419067e-01,5.543702244758605957e-01,-5.245790481567382812e-01,2.394447848200798035e-02,-5.997915863990783691e-01,1.173881664872169495e-01,5.168724060058593750e-02,4.879621267318725586e-01,-1.842355132102966309e-01,1.609002649784088135e-01,-1.458996385335922241e-01,-1.712565869092941284e-01,2.022463083267211914e-01,-5.923919081687927246e-01,-5.017076134681701660e-01,-1.338605880737304688e-01,5.691027734428644180e-03,-3.619074523448944092e-01,5.373255014419555664e-01,-5.725293159484863281e-01,9.238396584987640381e-02,0.000000000000000000e+00
-8.103652000427246094e-01,-2.425194904208183289e-02,7.174751162528991699e-01,-3.929723054170608521e-02,-8.271776139736175537e-03,9.964777827262878418e-01,7.361644506454467773e-02,-1.108496859669685364e-01,-1.350444257259368896e-01,-1.638476252555847168e-01,5.858803391456604004e-01,-5.067118406295776367e-01,5.812184885144233704e-03,-5.893152356147766113e-01,1.163995563983917236e-01,4.305886849761009216e-02,5.115412473678588867e-01,-1.859901249408721924e-01,1.518525928258895874e-01,-1.547429263591766357e-01,-1.672296971082687378e-01,2.128404080867767334e-01,-5.991526246070861816e-01,-5.007103681564331055e-01,-1.302860528230667114e-01,7.224617525935173035e-03,-3.605867326259613037e-01,5.415978431701660156e-01,-5.776591897010803223e-01,8.771677315235137939e-02,0.000000000000000000e+00
-8.221310377120971680e-01,-2.230297587811946869e-02,7.172369360923767090e-01,-3.745823353528976440e-02,-1.061608735471963882e-02,9.968624711036682129e-01,6.891585141420364380e-02,-1.042794585227966309e-01,-1.306748539209365845e-01,-1.637209504842758179e-01,6.161180138587951660e-01,-4.778143465518951416e-01,-1.894824579358100891e-02,-5.707102417945861816e-01,1.141407489776611328e-01,3.188519179821014404e-02,5.238313674926757812e-01,-1.986180990934371948e-01,1.417248696088790894e-01,-1.574692577123641968e-01,-1.586402058601379395e-01,2.234370410442352295e-01,-6.120907068252563477e-01,-5.085951089859008789e-01,-1.210385113954544067e-01,8.465996943414211273e-03,-3.568083345890045166e-01,5.527461171150207520e-01,-5.804441571235656738e-01,8.632430434226989746e-02,0.000000000000000000e+00
-8.314134478569030762e-01,-1.971943862736225128e-02,7.176490426063537598e-01,-3.556920588016510010e-02,-1.227382570505142212e-02,9.970321655273437500e-01,6.716410815715789795e-02,-1.002185419201850891e-01,-1.277887672185897827e-01,-1.699255853891372681e-01,6.423926949501037598e-01,-4.345688819885253906e-01,-5.282957851886749268e-02,-5.528860092163085938e-01,1.148947030305862427e-01,2.504710294306278229e-02,5.273162126541137695e-01,-2.138732075691223145e-01,1.325464844703674316e-01,-1.574030667543411255e-01,-1.483752876520156860e-01,2.380250692367553711e-01,-6.194230914115905762e-01,-5.083635449409484863e-01,-1.192238852381706238e-01,4.483103286474943161e-03,-3.523133397102355957e-01,5.647632479667663574e-01,-5.827369689941406250e-01,8.854120224714279175e-02,0.000000000000000000e+00
-8.466963768005371094e-01,-9.686508215963840485e-03,7.181929945945739746e-01,-3.686774149537086487e-02,-1.225803047418594360e-02,9.974260330200195312e-01,6.026456877589225769e-02,-1.202357113361358643e-01,-1.098103970289230347e-01,-1.405040770769119263e-01,7.112836837768554688e-01,-3.179864883422851562e-01,-1.063485294580459595e-01,-5.245324969291687012e-01,1.180624216794967651e-01,1.043129712343215942e-02,5.182303190231323242e-01,-2.478295117616653442e-01,1.194493025541305542e-01,-1.543437838554382324e-01,-1.329218745231628418e-01,2.629184722900390625e-01,-6.359676718711853027e-01,-5.290966033935546875e-01,-1.105239242315292358e-01,5.239943508058786392e-03,-3.525616228580474854e-01,5.808699727058410645e-01,-6.118801832199096680e-01,7.909458875656127930e-02,0.000000000000000000e+00
-8.551966547966003418e-01,-6.332278251647949219e-03,7.185333967208862305e-01,-3.471568599343299866e-02,-1.319222245365381241e-02,9.974192380905151367e-01,6.144611164927482605e-02,-1.423743814229965210e-01,-1.110410466790199280e-01,-1.458060592412948608e-01,7.727914452552795410e-01,-1.930400282144546509e-01,-1.737249940633773804e-01,-5.041970610618591309e-01,1.231775730848312378e-01,1.283123996108770370e-02,5.145991444587707520e-01,-2.631078660488128662e-01,1.094614267349243164e-01,-1.461127251386642456e-01,-1.229244321584701538e-01,2.802627086639404297e-01,-6.469368934631347656e-01,-5.279573202133178711e-01,-1.026776656508445740e-01,-2.746096812188625336e-03,-3.467544019222259521e-01,5.994485020637512207e-01,-6.225261092185974121e-01,7.517458498477935791e-02,0.000000000000000000e+00
-8.643138408660888672e-01,-2.394157228991389275e-03,7.185978889465332031e-01,-3.393316641449928284e-02,-1.137548033148050308e-02,9.973338842391967773e-01,6.359481066465377808e-02,-1.785750389099121094e-01,-9.916866570711135864e-02,-1.217196285724639893e-01,8.478444218635559082e-01,-1.240761056542396545e-01,-2.170443832874298096e-01,-4.889449179172515869e-01,1.239842921495437622e-01,1.495147589594125748e-02,5.152699947357177734e-01,-2.868650257587432861e-01,1.000321879982948303e-01,-1.320545971393585205e-01,-1.139282211661338806e-01,2.911204695701599121e-01,-6.429070234298706055e-01,-5.237429738044738770e-01,-9.597999602556228638e-02,-1.283117756247520447e-02,-3.434038460254669189e-01,6.067965626716613770e-01,-6.334702968597412109e-01,8.381252735853195190e-02,0.000000000000000000e+00
-8.736695051193237305e-01,-5.320985801517963409e-04,7.188211083412170410e-01,-3.520557284355163574e-02,-1.079032104462385178e-02,9.971790909767150879e-01,6.540614366531372070e-02,-2.249996662139892578e-01,-7.588150352239608765e-02,-8.961085230112075806e-02,9.269143939018249512e-01,-9.071501344442367554e-02,-2.307412773370742798e-01,-4.779367148876190186e-01,1.256165355443954468e-01,2.228161878883838654e-02,5.153750181198120117e-01,-3.066081702709197998e-01,8.870988339185714722e-02,-1.191900297999382019e-01,-1.086083576083183289e-01,3.027344048023223877e-01,-6.442981958389282227e-01,-5.162810087203979492e-01,-8.879061788320541382e-02,-2.525867335498332977e-02,-3.401864767074584961e-01,6.221417188644409180e-01,-6.467856764793395996e-01,9.467200189828872681e-02,0.000000000000000000e+00
-8.803030252456665039e-01,-1.705177128314971924e-03,7.191220521926879883e-01,-3.430981934070587158e-02,-1.055090129375457764e-02,9.969812035560607910e-01,6.884744763374328613e-02,-2.668861448764801025e-01,-4.595009610056877136e-02,-6.036976352334022522e-02,9.760288596153259277e-01,-1.010982096195220947e-01,-2.123570293188095093e-01,-4.669243395328521729e-01,1.252281963825225830e-01,3.396227955818176270e-02,5.149236917495727539e-01,-3.218845725059509277e-01,7.658725231885910034e-02,-9.502166509628295898e-02,-1.013259366154670715e-01,3.081553280353546143e-01,-6.374019980430603027e-01,-5.136097669601440430e-01,-8.086632192134857178e-02,-3.449400886893272400e-02,-3.301904499530792236e-01,6.351439356803894043e-01,-6.552437543869018555e-01,9.504052996635437012e-02,0.000000000000000000e+00
-8.905996680259704590e-01,-3.503539133816957474e-03,7.193471789360046387e-01,-3.533910214900970459e-02,-1.028075162321329117e-02,9.963531494140625000e-01,7.697980850934982300e-02,-3.243094980716705322e-01,-1.540184486657381058e-03,-1.559270452708005905e-02,1.030620217323303223e+00,-1.327925771474838257e-01,-1.650340706110000610e-01,-4.550497233867645264e-01,1.259471476078033447e-01,4.786051809787750244e-02,5.141032338142395020e-01,-3.433599174022674561e-01,6.805445998907089233e-02,-5.770838633179664612e-02,-9.488627314567565918e-02,3.047001063823699951e-01,-6.208817958831787109e-01,-4.991575181484222412e-01,-7.322329282760620117e-02,-4.205715283751487732e-02,-3.226637542247772217e-01,6.593657135963439941e-01,-6.702194809913635254e-01,1.067736819386482239e-01,0.000000000000000000e+00
-9.002081155776977539e-01,-9.775935672223567963e-03,7.197072505950927734e-01,-3.256104141473770142e-02,-1.197099499404430389e-02,9.953392744064331055e-01,8.997888118028640747e-02,-3.724404573440551758e-01,4.020656645298004150e-02,1.803226396441459656e-02,1.047039985656738281e+00,-1.846003532409667969e-01,-1.077922582626342773e-01,-4.397760033607482910e-01,1.260596364736557007e-01,6.596057116985321045e-02,5.187264084815979004e-01,-3.595234155654907227e-01,6.083019450306892395e-02,-1.377069298177957535e-02,-8.890214562416076660e-02,3.067941069602966309e-01,-6.049212217330932617e-01,-4.833035767078399658e-01,-5.796437710523605347e-02,-5.475828796625137329e-02,-3.183008432388305664e-01,6.820305585861206055e-01,-6.770194172859191895e-01,1.006302759051322937e-01,0.000000000000000000e+00
-9.102213382720947266e-01,-1.571684889495372772e-02,7.203449010848999023e-01,-3.224144503474235535e-02,-1.314084790647029877e-02,9.947111606597900391e-01,9.663075953722000122e-02,-4.171497821807861328e-01,7.043911516666412354e-02,5.295051634311676025e-02,1.033189296722412109e+00,-2.411405742168426514e-01,-5.468798428773880005e-02,-4.316577613353729248e-01,1.218456253409385681e-01,7.891849428415298462e-02,5.282781720161437988e-01,-3.733699321746826172e-01,5.975019186735153198e-02,2.334628067910671234e-02,-7.745583355426788330e-02,3.082906603813171387e-01,-5.941117405891418457e-01,-4.831195175647735596e-01,-3.710144758224487305e-02,-6.008361652493476868e-02,-3.189120292663574219e-01,7.255801558494567871e-01,-6.911221742630004883e-01,1.006954014301300049e-01,0.000000000000000000e+00
-9.216296076774597168e-01,-2.125886082649230957e-02,7.224653363227844238e-01,-3.265856578946113586e-02,-1.147802826017141342e-02,9.945447444915771484e-01,9.839944541454315186e-02,-4.460309445858001709e-01,8.046244829893112183e-02,7.835424691438674927e-02,9.706707596778869629e-01,-2.774390876293182373e-01,-2.074757218360900879e-02,-4.188153445720672607e-01,1.071722060441970825e-01,8.281529694795608521e-02,5.294348001480102539e-01,-3.790525496006011963e-01,6.805963069200515747e-02,5.635494366288185120e-02,-6.338580697774887085e-02,3.096937835216522217e-01,-5.923575758934020996e-01,-4.819513857364654541e-01,-2.133597992360591888e-02,-5.380704998970031738e-02,-3.208872675895690918e-01,7.619616985321044922e-01,-7.174006700515747070e-01,9.051736444234848022e-02,0.000000000000000000e+00
-9.280257821083068848e-01,-2.257884480059146881e-02,7.251362800598144531e-01,-3.388616070151329041e-02,-4.983867984265089035e-03,9.943646192550659180e-01,1.003289967775344849e-01,-4.697282612323760986e-01,6.755997985601425171e-02,9.382001310586929321e-02,8.742439746856689453e-01,-2.971470952033996582e-01,-1.030872110277414322e-02,-4.127484858036041260e-01,8.841494470834732056e-02,7.781890034675598145e-02,5.255753397941589355e-01,-3.758949041366577148e-01,8.658546954393386841e-02,7.324666529893875122e-02,-4.566279053688049316e-02,3.073547482490539551e-01,-5.969716906547546387e-01,-4.778825342655181885e-01,-1.187113299965858459e-02,-5.003694817423820496e-02,-3.220403790473937988e-01,7.979821562767028809e-01,-7.556403279304504395e-01,9.367947280406951904e-02,0.000000000000000000e+00
-9.318296909332275391e-01,-2.446431294083595276e-02,7.274782061576843262e-01,-3.176325559616088867e-02,-2.413199050351977348e-03,9.944264888763427734e-01,1.005048975348472595e-01,-4.653058946132659912e-01,5.319260433316230774e-02,1.070299148559570312e-01,8.073139786720275879e-01,-2.990030646324157715e-01,-2.797147491946816444e-03,-4.010843932628631592e-01,7.643137872219085693e-02,7.191568613052368164e-02,5.206883549690246582e-01,-3.653672635555267334e-01,1.051223278045654297e-01,8.172494173049926758e-02,-3.724509477615356445e-02,2.923362851142883301e-01,-5.890442728996276855e-01,-4.605133235454559326e-01,-8.389341644942760468e-03,-4.692407324910163879e-02,-3.122174739837646484e-01,8.097279071807861328e-01,-7.555115818977355957e-01,8.548922836780548096e-02,0.000000000000000000e+00
-9.358552098274230957e-01,-2.664698846638202667e-02,7.297679781913757324e-01,-3.012246266007423401e-02,2.370359376072883606e-03,9.943995475769042969e-01,1.012746766209602356e-01,-4.637483656406402588e-01,2.069681324064731598e-02,9.887614846229553223e-02,7.227815389633178711e-01,-3.029614686965942383e-01,-8.062043227255344391e-03,-3.939004838466644287e-01,5.943446233868598938e-02,6.558438390493392944e-02,5.205731391906738281e-01,-3.593041002750396729e-01,1.204834803938865662e-01,8.942099660634994507e-02,-3.100535646080970764e-02,2.850160896778106689e-01,-5.995151400566101074e-01,-4.511239230632781982e-01,-5.070649553090333939e-03,-4.419652372598648071e-02,-3.130385577678680420e-01,8.347813487052917480e-01,-7.687999606132507324e-01,6.419045478105545044e-02,0.000000000000000000e+00
-9.394204616546630859e-01,-2.558104880154132843e-02,7.309587597846984863e-01,-2.915818803012371063e-02,5.765872541815042496e-03,9.946676492691040039e-01,9.875619411468505859e-02,-4.512631893157958984e-01,-2.492171712219715118e-03,1.042182669043540955e-01,6.598069071769714355e-01,-3.078633546829223633e-01,-1.565352082252502441e-02,-3.868868649005889893e-01,5.059133470058441162e-02,6.360460072755813599e-02,5.213369727134704590e-01,-3.652578592300415039e-01,1.229453682899475098e-01,8.787854760885238647e-02,-2.719169855117797852e-02,2.812370359897613525e-01,-6.060475707054138184e-01,-4.457136094570159912e-01,-2.611124364193528891e-04,-3.481000661849975586e-02,-3.195800781250000000e-01,8.374138474464416504e-01,-7.505200505256652832e-01,3.964554145932197571e-02,0.000000000000000000e+00
